"case_id","_id","coverage","title","description","category","priority","status","creatorId","assigneeId","coordination_json","expected_answer_json","required_summary_facts_json","required_reason_facts_json","evaluation_notes"
"E01","300000000000000000000001","straightforward","Employee USB keyboard stops working","An employee without a team reports that their USB keyboard no longer types on their laptop. A replacement keyboard works on the same laptop. The laptop, network and business applications work normally. No department workflow or wider incident is reported.","hardware","low","open","200000000000000000000015","","null","{""ticketId"":""300000000000000000000001"",""summary"":""An employee's USB keyboard no longer types; a replacement keyboard works on the same otherwise functioning laptop. No wider system or department impact is reported."",""relevantTeams"":[{""teamId"":""100000000000000000000001"",""reason"":""IT Support owns employee peripherals; the reported keyboard fails while a replacement works on the same laptop.""}],""stakeholderUserIds"":[""200000000000000000000001"",""200000000000000000000002""]}","[""The employee's USB keyboard does not type."",""A replacement keyboard works on the same laptop."",""No wider system or department impact is reported.""]","{""100000000000000000000001"":[""The failure is isolated to an employee keyboard."",""IT Support owns employee peripherals.""]}","Select IT Support only. Include both active IT Support members despite their different roles. Exclude the inactive IT Support member and the unassigned creator."
"E02","300000000000000000000002","straightforward","Central MFA delivery fails for one account","An employee without a team passes the password check at the central identity portal but cannot finish sign-in because the MFA challenge is not delivered. The identity service reports an MFA delivery failure. The same behavior occurs from the employee's laptop and phone. Network connectivity and other services work normally; no department process impact is reported.","software","medium","open","200000000000000000000015","","null","{""ticketId"":""300000000000000000000002"",""summary"":""An employee passes the password check but cannot complete central sign-in because the identity service reports an undelivered MFA challenge on both tested devices. No department impact is reported."",""relevantTeams"":[{""teamId"":""100000000000000000000004"",""reason"":""Security & Access owns centralized sign-in and MFA; the identity service reports an MFA delivery failure that prevents the employee from completing sign-in.""}],""stakeholderUserIds"":[""200000000000000000000007"",""200000000000000000000008""]}","[""The password step succeeds but the MFA challenge is not delivered."",""The central identity service reports the MFA delivery failure."",""The employee cannot complete sign-in; no department impact is reported.""]","{""100000000000000000000004"":[""The central identity service reports an MFA delivery failure."",""Security & Access owns centralized sign-in and MFA.""]}","Select Security & Access only. Do not infer a device problem, network outage, compromised account or Finance impact."
"E03","300000000000000000000003","straightforward","Duplicate reimbursement in pending payroll","Finance found one approved travel reimbursement entered twice in the pending payroll batch. Finance needs to review the records and remove the duplicate before processing payroll. The payroll application works normally. No software fault, access failure or payment processor failure is reported.","other","medium","open","200000000000000000000009","","null","{""ticketId"":""300000000000000000000003"",""summary"":""Finance needs to review and remove a duplicate approved travel reimbursement from the pending payroll batch before processing; the application is functioning normally."",""relevantTeams"":[{""teamId"":""100000000000000000000005"",""reason"":""Finance owns payroll and reimbursement records; it must review and remove the duplicate reimbursement before processing the batch.""}],""stakeholderUserIds"":[""200000000000000000000009"",""200000000000000000000010""]}","[""One approved travel reimbursement is duplicated in the pending payroll batch."",""Finance needs to review and remove the duplicate before processing."",""The payroll application works normally.""]","{""100000000000000000000005"":[""A reimbursement appears twice in the pending payroll batch."",""Finance owns the financial records review and correction.""]}","Select Finance only. Mentioning an application does not make Business Applications relevant. Exclude the inactive Finance member."
"E04","300000000000000000000004","cross_team","Payroll export crashes after application release","After today's payroll application release, its export function throws an application error instead of producing the payment file. Finance cannot produce the file needed to process this payroll batch. Sign-in, network connectivity and server availability are healthy. The application export error and blocked Finance work are the current issue.","software","high","open","200000000000000000000009","","null","{""ticketId"":""300000000000000000000004"",""summary"":""The payroll application's export function errors after today's release, preventing Finance from generating the payment file needed for the current payroll batch."",""relevantTeams"":[{""teamId"":""100000000000000000000003"",""reason"":""Business Applications owns shared application defects and workflows; the payroll export function is throwing an application error after a release.""},{""teamId"":""100000000000000000000005"",""reason"":""Finance owns payroll processing and is blocked because it cannot generate the payment file required for the current batch.""}],""stakeholderUserIds"":[""200000000000000000000005"",""200000000000000000000006"",""200000000000000000000009"",""200000000000000000000010""]}","[""Payroll export throws an application error after today's release."",""Finance cannot generate the payment file required for the current payroll batch.""]","{""100000000000000000000003"":[""The payroll application's export function throws an application error."",""Business Applications owns application defects and software workflows.""],""100000000000000000000005"":[""Finance cannot produce the payment file needed for the payroll batch."",""Finance owns payroll processing.""]}","Select Business Applications and Finance. The timing is reported; do not invent a specific code defect or claim a confirmed root cause."
"E05","300000000000000000000005","cross_team","Warehouse switch outage blocks dispatch","The warehouse network switch has lost power and warehouse connectivity is unavailable. Operations cannot reach the dispatch board or schedule today's deliveries from the warehouse. The dispatch application and sign-in service are healthy and reachable from the main office. No employee device fault is reported.","network","high","open","200000000000000000000011","","null","{""ticketId"":""300000000000000000000005"",""summary"":""A warehouse switch power loss has interrupted warehouse connectivity, blocking Operations from accessing dispatch and scheduling today's deliveries there. The dispatch application remains healthy and reachable from the main office."",""relevantTeams"":[{""teamId"":""100000000000000000000002"",""reason"":""Infrastructure owns network switches and connectivity; the warehouse switch has lost power and warehouse connectivity is unavailable.""},{""teamId"":""100000000000000000000006"",""reason"":""Operations owns dispatch and delivery scheduling; warehouse connectivity loss prevents it from reaching the dispatch board and scheduling today's deliveries.""}],""stakeholderUserIds"":[""200000000000000000000003"",""200000000000000000000004"",""200000000000000000000011"",""200000000000000000000012""]}","[""The warehouse switch has lost power and warehouse connectivity is unavailable."",""Operations cannot access dispatch or schedule today's deliveries from the warehouse."",""The dispatch application works from the main office.""]","{""100000000000000000000002"":[""The warehouse switch has lost power and connectivity is unavailable."",""Infrastructure owns shared networks and switches.""],""100000000000000000000006"":[""Operations cannot access dispatch or schedule today's deliveries from the warehouse."",""Operations owns dispatch and delivery scheduling.""]}","Select Infrastructure and Operations. An application being unreachable from the warehouse does not establish an application defect."
"E06","300000000000000000000006","cross_team","Security restriction blocks dispatch approvals","The identity service flagged unfamiliar sign-ins to an Operations dispatch account. Security restricted the account while the suspicious activity is investigated. Operations cannot approve the daily dispatch assignments with that account. The network and dispatch application are functioning normally. Account compromise has not been confirmed.","other","high","open","200000000000000000000011","","null","{""ticketId"":""300000000000000000000006"",""summary"":""Unfamiliar sign-ins triggered a security restriction on an Operations account, blocking daily dispatch approvals while the suspicious activity is investigated; compromise is unconfirmed."",""relevantTeams"":[{""teamId"":""100000000000000000000004"",""reason"":""Security & Access owns suspected security incidents and access policy; unfamiliar sign-ins triggered an account restriction that requires investigation.""},{""teamId"":""100000000000000000000006"",""reason"":""Operations owns dispatch approvals and cannot approve the daily assignments because its dispatch account is restricted.""}],""stakeholderUserIds"":[""200000000000000000000007"",""200000000000000000000008"",""200000000000000000000011"",""200000000000000000000012""]}","[""Unfamiliar sign-ins were flagged and the account was restricted during investigation."",""Operations cannot approve daily dispatch assignments."",""Account compromise has not been confirmed.""]","{""100000000000000000000004"":[""Unfamiliar sign-ins triggered an account restriction and an investigation."",""Security & Access owns suspected security incidents and access policy.""],""100000000000000000000006"":[""The restricted account prevents Operations from approving daily dispatch assignments."",""Operations owns dispatch approvals.""]}","Select Security & Access and Operations. Do not claim confirmed compromise or an application or network fault."
"E07","300000000000000000000007","incomplete_information","Unspecified business application fails to save","An employee without a team reports that an internal business application displays 'Something went wrong' when saving a record. The application name, affected department, impact scope and technical cause have not been provided. No device, connectivity or sign-in failure is described.","software","medium","open","200000000000000000000015","","null","{""ticketId"":""300000000000000000000007"",""summary"":""An unspecified internal business application returns an error when saving a record; its department impact, scope and technical cause are unknown."",""relevantTeams"":[{""teamId"":""100000000000000000000003"",""reason"":""Business Applications investigates shared business application errors; an internal application fails when saving a record, although its technical cause and department impact are unknown.""}],""stakeholderUserIds"":[""200000000000000000000005"",""200000000000000000000006""]}","[""An internal business application errors when saving a record."",""The application name, department impact, scope and technical cause are not provided.""]","{""100000000000000000000003"":[""An internal business application errors when saving a record."",""Business Applications investigates shared business application errors."",""The technical cause and department impact are unknown.""]}","Select Business Applications only. Missing root-cause details do not erase the stated application symptom. Do not guess Finance, Operations, Security & Access or Infrastructure."
"E08","300000000000000000000008","incomplete_information","Central sign-in returns a generic failure","An employee without a team cannot complete sign-in through the central identity portal. The portal only displays 'Unable to sign in'. The failing step, cause and wider impact are unknown. No department process, network outage, device failure or suspected security event has been reported.","software","medium","open","200000000000000000000015","","null","{""ticketId"":""300000000000000000000008"",""summary"":""An employee cannot complete central sign-in and sees only a generic failure; the failing step, cause and wider impact are unknown."",""relevantTeams"":[{""teamId"":""100000000000000000000004"",""reason"":""Security & Access owns centralized sign-in; the employee cannot complete authentication through the central identity portal, although the failing step and cause are unknown.""}],""stakeholderUserIds"":[""200000000000000000000007"",""200000000000000000000008""]}","[""Central sign-in fails with the generic message 'Unable to sign in'."",""The failing step, cause and wider impact are unknown.""]","{""100000000000000000000004"":[""The employee cannot complete sign-in through the central identity portal."",""Security & Access owns centralized sign-in."",""The failing step and cause are unknown.""]}","Select Security & Access only. Do not diagnose MFA delivery, a wrong password, a locked account, compromise or a network problem."
"E09","300000000000000000000009","no_relevant_team","Personal question about tomorrow's weather","What will the weather be in Tunis tomorrow? This is a personal question only. No workplace system issue, operational scheduling decision, service impact or financial concern is reported.","other","low","open","200000000000000000000015","","null","{""ticketId"":""300000000000000000000009"",""summary"":""The ticket asks a personal question about tomorrow's weather in Tunis and reports no workplace incident or business impact."",""relevantTeams"":[],""stakeholderUserIds"":[]}","[""This is a personal weather question about Tunis."",""No workplace incident or business impact is reported.""]","{}","The correct relevantTeams and stakeholderUserIds arrays are empty. Do not invent a forecast or an Operations scheduling impact. Reason quality is not applicable when the output is also empty."
"E10","300000000000000000000010","outdated_coordination","Updated payroll ticket needs reimbursement correction","The earlier central sign-in incident is resolved. Finance confirms it can sign in and the payroll application works normally. The current request is to review and remove one approved reimbursement entered twice in the pending payroll batch before processing. There is no ongoing authentication or application failure.","other","medium","open","200000000000000000000009","","{""summary"":""A central MFA delivery incident prevented Finance from signing in to payroll."",""relevantTeams"":[{""teamId"":""100000000000000000000004"",""reason"":""Security & Access owns the central MFA delivery incident blocking sign-in.""},{""teamId"":""100000000000000000000005"",""reason"":""Finance could not access payroll to process its batch.""}],""stakeholderUserIds"":[""200000000000000000000007"",""200000000000000000000008"",""200000000000000000000009"",""200000000000000000000010""],""analyzedAt"":""2026-10-07T09:00:00Z""}","{""ticketId"":""300000000000000000000010"",""summary"":""The earlier sign-in incident is resolved and payroll works normally; Finance now needs to review and remove a duplicate reimbursement before processing the pending batch."",""relevantTeams"":[{""teamId"":""100000000000000000000005"",""reason"":""Finance owns payroll and reimbursement records; the current task is correcting the duplicate reimbursement, while the earlier sign-in incident has been resolved.""}],""stakeholderUserIds"":[""200000000000000000000009"",""200000000000000000000010""]}","[""The earlier central sign-in incident is resolved and payroll works normally."",""The current task is to review and remove a duplicate reimbursement before processing.""]","{""100000000000000000000005"":[""The current issue is a duplicate reimbursement in the pending payroll batch."",""Finance owns financial records review and correction."",""The earlier sign-in incident is resolved.""]}","Select Finance only. Remove the obsolete Security & Access selection and its stakeholders. Previous coordination describes an earlier state and is not evidence of a current authentication incident."
