"_id","name","email","role","isActive","teamId"
"200000000000000000000001","Leila Ben Ali","leila.benali@paperdesk-eval.example","support","true","100000000000000000000001"
"200000000000000000000002","Adam Mansour","adam.mansour@paperdesk-eval.example","employee","true","100000000000000000000001"
"200000000000000000000003","Sami Haddad","sami.haddad@paperdesk-eval.example","support","true","100000000000000000000002"
"200000000000000000000004","Ines Belkacem","ines.belkacem@paperdesk-eval.example","support","true","100000000000000000000002"
"200000000000000000000005","Nadia Trabelsi","nadia.trabelsi@paperdesk-eval.example","support","true","100000000000000000000003"
"200000000000000000000006","Karim Saidi","karim.saidi@paperdesk-eval.example","employee","true","100000000000000000000003"
"200000000000000000000007","Youssef Amri","youssef.amri@paperdesk-eval.example","admin","true","100000000000000000000004"
"200000000000000000000008","Mariem Jaziri","mariem.jaziri@paperdesk-eval.example","support","true","100000000000000000000004"
"200000000000000000000009","Salma Gharbi","salma.gharbi@paperdesk-eval.example","employee","true","100000000000000000000005"
"200000000000000000000010","Omar Khelifi","omar.khelifi@paperdesk-eval.example","employee","true","100000000000000000000005"
"200000000000000000000011","Hana Bouazizi","hana.bouazizi@paperdesk-eval.example","employee","true","100000000000000000000006"
"200000000000000000000012","Fares Miled","fares.miled@paperdesk-eval.example","employee","true","100000000000000000000006"
"200000000000000000000013","Walid Hamdi","walid.hamdi@paperdesk-eval.example","support","false","100000000000000000000001"
"200000000000000000000014","Rim Zribi","rim.zribi@paperdesk-eval.example","employee","false","100000000000000000000005"
"200000000000000000000015","Emna Ayari","emna.ayari@paperdesk-eval.example","employee","true",""
